{
  "HomePage" : {
    "transaction" : "HomePage",
    "sampleCount" : 10,
    "errorCount" : 0,
    "errorPct" : 0.0,
    "meanResTime" : 1668.2,
    "medianResTime" : 1739.5,
    "minResTime" : 1092.0,
    "maxResTime" : 2122.0,
    "pct1ResTime" : 2103.7000000000003,
    "pct2ResTime" : 2122.0,
    "pct3ResTime" : 2122.0,
    "throughput" : 1.2393109431156277,
    "receivedKBytesPerSec" : 1018.4599237823769,
    "sentKBytesPerSec" : 0.28320191473540707
  },
  "Music-0" : {
    "transaction" : "Music-0",
    "sampleCount" : 10,
    "errorCount" : 0,
    "errorPct" : 0.0,
    "meanResTime" : 174.1,
    "medianResTime" : 133.5,
    "minResTime" : 113.0,
    "maxResTime" : 395.0,
    "pct1ResTime" : 389.90000000000003,
    "pct2ResTime" : 395.0,
    "pct3ResTime" : 395.0,
    "throughput" : 1.4522218995062446,
    "receivedKBytesPerSec" : 0.5800378485332559,
    "sentKBytesPerSec" : 0.21130963186174848
  },
  "HomePage-0" : {
    "transaction" : "HomePage-0",
    "sampleCount" : 10,
    "errorCount" : 0,
    "errorPct" : 0.0,
    "meanResTime" : 180.7,
    "medianResTime" : 180.0,
    "minResTime" : 125.0,
    "maxResTime" : 261.0,
    "pct1ResTime" : 254.8,
    "pct2ResTime" : 261.0,
    "pct3ResTime" : 261.0,
    "throughput" : 1.445086705202312,
    "receivedKBytesPerSec" : 0.5320289920520231,
    "sentKBytesPerSec" : 0.16511244580924855
  },
  "Music-1" : {
    "transaction" : "Music-1",
    "sampleCount" : 10,
    "errorCount" : 0,
    "errorPct" : 0.0,
    "meanResTime" : 828.5,
    "medianResTime" : 855.5,
    "minResTime" : 445.0,
    "maxResTime" : 1159.0,
    "pct1ResTime" : 1147.8,
    "pct2ResTime" : 1159.0,
    "pct3ResTime" : 1159.0,
    "throughput" : 1.441753171856978,
    "receivedKBytesPerSec" : 967.1454864114763,
    "sentKBytesPerSec" : 0.20978635020184544
  },
  "HomePage-1" : {
    "transaction" : "HomePage-1",
    "sampleCount" : 10,
    "errorCount" : 0,
    "errorPct" : 0.0,
    "meanResTime" : 1486.7000000000003,
    "medianResTime" : 1523.5,
    "minResTime" : 948.0,
    "maxResTime" : 1932.0,
    "pct1ResTime" : 1912.8000000000002,
    "pct2ResTime" : 1932.0,
    "pct3ResTime" : 1932.0,
    "throughput" : 1.2812299807815501,
    "receivedKBytesPerSec" : 1052.4370896060218,
    "sentKBytesPerSec" : 0.14639053491351697
  },
  "Music" : {
    "transaction" : "Music",
    "sampleCount" : 10,
    "errorCount" : 0,
    "errorPct" : 0.0,
    "meanResTime" : 1002.6999999999999,
    "medianResTime" : 1005.5,
    "minResTime" : 558.0,
    "maxResTime" : 1391.0,
    "pct1ResTime" : 1381.3,
    "pct2ResTime" : 1391.0,
    "pct3ResTime" : 1391.0,
    "throughput" : 1.3640703860319192,
    "receivedKBytesPerSec" : 915.5797618844632,
    "sentKBytesPerSec" : 0.39696579593507025
  },
  "Total" : {
    "transaction" : "Total",
    "sampleCount" : 100,
    "errorCount" : 0,
    "errorPct" : 0.0,
    "meanResTime" : 886.1300000000001,
    "medianResTime" : 915.0,
    "minResTime" : 113.0,
    "maxResTime" : 2722.0,
    "pct1ResTime" : 1828.9,
    "pct2ResTime" : 1961.7999999999997,
    "pct3ResTime" : 2717.2699999999977,
    "throughput" : 9.828009828009828,
    "receivedKBytesPerSec" : 5345.614826474201,
    "sentKBytesPerSec" : 1.7506142506142506
  },
  "Trending" : {
    "transaction" : "Trending",
    "sampleCount" : 10,
    "errorCount" : 0,
    "errorPct" : 0.0,
    "meanResTime" : 1760.3,
    "medianResTime" : 1697.5,
    "minResTime" : 1232.0,
    "maxResTime" : 2722.0,
    "pct1ResTime" : 2674.7000000000003,
    "pct2ResTime" : 2722.0,
    "pct3ResTime" : 2722.0,
    "throughput" : 1.2489072061945796,
    "receivedKBytesPerSec" : 1531.8779905473336,
    "sentKBytesPerSec" : 0.46346165854876986
  },
  "Trending-2" : {
    "transaction" : "Trending-2",
    "sampleCount" : 10,
    "errorCount" : 0,
    "errorPct" : 0.0,
    "meanResTime" : 1439.5,
    "medianResTime" : 1353.5,
    "minResTime" : 980.0,
    "maxResTime" : 2197.0,
    "pct1ResTime" : 2173.6,
    "pct2ResTime" : 2197.0,
    "pct3ResTime" : 2197.0,
    "throughput" : 1.2894906511927788,
    "receivedKBytesPerSec" : 1579.0612659171502,
    "sentKBytesPerSec" : 0.16370486782720825
  },
  "Trending-0" : {
    "transaction" : "Trending-0",
    "sampleCount" : 10,
    "errorCount" : 0,
    "errorPct" : 0.0,
    "meanResTime" : 181.1,
    "medianResTime" : 131.0,
    "minResTime" : 115.0,
    "maxResTime" : 391.0,
    "pct1ResTime" : 390.4,
    "pct2ResTime" : 391.0,
    "pct3ResTime" : 391.0,
    "throughput" : 1.517680983457277,
    "receivedKBytesPerSec" : 0.5706124791318864,
    "sentKBytesPerSec" : 0.18526379192593714
  },
  "Trending-1" : {
    "transaction" : "Trending-1",
    "sampleCount" : 10,
    "errorCount" : 0,
    "errorPct" : 0.0,
    "meanResTime" : 139.5,
    "medianResTime" : 138.5,
    "minResTime" : 123.0,
    "maxResTime" : 159.0,
    "pct1ResTime" : 158.5,
    "pct2ResTime" : 159.0,
    "pct3ResTime" : 159.0,
    "throughput" : 1.5144631228229593,
    "receivedKBytesPerSec" : 2.4787501893078905,
    "sentKBytesPerSec" : 0.18487098667272453
  }
}